Date,IJR,MDY,SHY,SPY,TIP,VTI,XLE,XLF,XLI,XLK,XLP,XLU,XLV,XLY
2003-12-31,16.6899471282959,80.20458221435547,53.731842041015625,73.67725372314453,50.165836334228516,35.695552825927734,7.368559837341309,14.562704086303711,17.572904586791992,7.647758960723877,12.259520530700684,5.389256954193115,20.71303939819336,12.000364303588867
2004-01-31,17.18441390991211,81.95475006103516,53.79693603515625,75.13388061523438,50.77745819091797,36.62766647338867,7.534389972686768,15.038978576660156,17.75020980834961,7.97422981262207,12.259520530700684,5.500135898590088,21.283252716064453,11.931769371032715
2004-02-29,17.498289108276367,83.93324279785156,54.057308197021484,76.15348815917969,51.86745834350586,37.14068603515625,7.930232048034668,15.468668937683105,17.618873596191406,7.7715935707092285,12.957489013671875,5.60408878326416,21.50996971130371,12.190909385681152
2004-03-31,17.76382827758789,84.27549743652344,54.209598541259766,75.1447982788086,52.73061752319336,36.7604866027832,7.880656719207764,15.289010047912598,17.40334701538086,7.56520414352417,12.925374984741211,5.663832187652588,20.613218307495117,12.11567497253418
2004-04-30,17.072738647460938,81.22476959228516,53.6338005065918,73.72296142578125,50.18804168701172,35.94306182861328,8.0149507522583,14.623371124267578,17.396757125854492,7.276251792907715,13.094856262207031,5.421630859375,21.253721237182617,11.978299140930176
2004-05-31,17.44197654724121,83.28401947021484,53.63113784790039,74.9853286743164,51.20158386230469,36.46446990966797,7.990780353546143,14.872989654541016,17.82508659362793,7.5614519119262695,13.021408081054688,5.4868364334106445,21.184843063354492,12.054620742797852
2004-06-30,18.400917053222656,84.94242095947266,53.62065887451172,76.37263488769531,51.12935256958008,37.20491409301758,8.489130973815918,14.938770294189453,18.925344467163086,7.767842769622803,13.092855453491211,5.581862926483154,21.105724334716797,12.085775375366211
2004-07-31,17.387107849121094,81.04318237304688,53.769901275634766,73.91206359863281,51.543392181396484,35.881710052490234,8.750707626342773,14.619924545288086,18.39706802368164,7.295017242431641,12.446438789367676,5.666435718536377,19.97309684753418,11.62725830078125
2004-08-31,17.21335792541504,81.02789306640625,54.16703414916992,74.0920639038086,52.93083953857422,35.90196228027344,8.615875244140625,15.095574378967285,18.4102725982666,6.972294330596924,12.667577743530273,5.89666223526001,20.297697067260742,11.604330062866211
2004-09-30,18.066627502441406,83.01937103271484,54.11555480957031,74.83573913574219,52.974571228027344,36.50571823120117,9.457038879394531,14.956642150878906,18.806049346923828,7.174931526184082,12.333941459655762,5.934094429016113,19.94277000427246,11.938963890075684
2004-10-31,18.441144943237305,84.43688201904297,54.2754020690918,75.79994201660156,53.55418395996094,37.162933349609375,9.513895034790039,15.035475730895996,18.99821662902832,7.490147113800049,12.41365909576416,6.223098278045654,19.499448776245117,12.421110153198242
2004-11-30,20.05941390991211,89.58586883544922,53.96302032470703,79.17438507080078,53.3800163269043,38.924522399902344,10.155555725097656,15.503190994262695,20.19098472595215,7.872910499572754,12.721158981323242,6.500256538391113,19.88042640686035,12.941526412963867
2004-12-31,20.429401397705078,92.95040893554688,54.08838653564453,81.55921173095703,54.31896209716797,40.25801086425781,9.869101524353027,16.1441650390625,20.692333221435547,8.078914642333984,13.196808815002441,6.660358905792236,20.97672462463379,13.546091079711914
2005-01-31,19.971126556396484,90.72267150878906,54.0684700012207,79.73059844970703,54.3241081237793,39.25197219848633,10.203313827514648,15.795158386230469,20.112932205200195,7.623493194580078,13.351192474365234,6.801455497741699,20.323585510253906,12.966479301452637
2005-02-28,20.52859878540039,94.02588653564453,53.929344177246094,81.39726257324219,54.037200927734375,40.07044982910156,11.91518783569336,15.689403533935547,20.346025466918945,7.634976863861084,13.334041595458984,6.947338581085205,20.93503189086914,12.897380828857422
2005-03-31,20.00644874572754,92.66525268554688,53.93803024291992,79.90830993652344,54.15544509887695,39.32033920288086,11.687689781188965,15.092463493347168,20.337106704711914,7.485716819763184,13.21719741821289,7.024171829223633,20.81820297241211,12.746662139892578
2005-04-30,18.893096923828125,89.22490692138672,54.218807220458984,78.41119384765625,55.11806869506836,38.45424270629883,11.055185317993164,15.119038581848145,19.595266342163086,7.221653461456299,13.079390525817871,7.241036891937256,21.543285369873047,11.93558406829834
2005-05-31,20.114768981933594,94.31997680664062,54.43328094482422,80.93797302246094,55.5368537902832,39.946800231933594,11.363261222839355,15.56559944152832,20.21680450439453,7.722995758056641,13.383706092834473,7.236217975616455,21.815189361572266,12.67363166809082
2005-06-30,20.8279972076416,96.76979064941406,54.56759262084961,81.0605697631836,55.8242301940918,40.24969482421875,12.156327247619629,15.759618759155273,19.684267044067383,7.623493194580078,13.12513256072998,7.667018890380859,21.699846267700195,12.61899471282959
2005-07-31,22.107507705688477,101.73768615722656,54.362945556640625,84.16207122802734,54.44464111328125,42.0119514465332,13.01779556274414,16.005613327026367,20.43465232849121,8.055946350097656,13.546287536621094,7.839510917663574,22.18936538696289,13.335021018981934
2005-08-31,21.747882843017578,100.7564468383789,54.72120666503906,83.37309265136719,55.82268142700195,41.555057525634766,13.849181175231934,15.743576049804688,19.952259063720703,7.979406833648682,13.309751510620117,7.890519142150879,22.11244010925293,12.896167755126953
2005-09-30,21.90499496459961,101.39701080322266,54.557464599609375,84.04218292236328,55.73635482788086,41.88404083251953,14.719796180725098,15.87830638885498,20.286590576171875,7.9985456466674805,13.498017311096191,8.224150657653809,21.989900588989258,12.52964973449707
2005-10-31,21.123764038085938,98.36096954345703,54.51264953613281,82.0545425415039,55.00508117675781,40.90036392211914,13.389615058898926,16.362401962280273,19.99736213684082,7.814842224121094,13.434228897094727,7.697907447814941,21.3165283203125,12.275116920471191
2005-11-30,22.212188720703125,103.93733978271484,54.72498321533203,85.6610107421875,55.102195739746094,42.788326263427734,13.589823722839355,17.142335891723633,21.161022186279297,8.308538436889648,13.555994987487793,7.685668468475342,21.576066970825195,12.764890670776367
2005-12-31,21.968294143676758,104.59618377685547,54.91613006591797,85.49708557128906,55.67170715332031,42.79587936401367,13.834389686584473,17.145824432373047,21.2611083984375,8.053345680236816,13.5718412399292,7.751699924468994,22.322607040405273,12.655640602111816
2006-01-31,23.76984977722168,110.1719741821289,55.011993408203125,87.55025482177734,55.68796157836914,44.1734733581543,15.855509757995605,17.297407150268555,21.322006225585938,8.323071479797363,13.595142364501953,7.939379692077637,22.61114501953125,12.880460739135742
2006-02-28,23.655824661254883,109.86138916015625,55.0305290222168,88.05152893066406,55.68796157836914,44.2706413269043,14.39260196685791,17.665563583374023,21.985153198242188,8.342336654663086,13.711694717407227,8.043097496032715,22.87151527404785,12.973487854003906
2006-03-31,24.8372745513916,112.71610260009766,55.1263313293457,89.50469970703125,54.49675750732422,45.17839431762695,15.003385543823242,17.716758728027344,22.957536697387695,8.531150817871094,13.8247652053833,7.670581817626953,22.579336166381836,13.049820899963379
2006-04-30,24.863933563232422,114.23453521728516,55.248008728027344,90.63533020019531,54.368873596191406,45.61041259765625,15.759068489074707,18.484216690063477,23.45335578918457,8.419405937194824,13.95949935913086,7.79249382019043,21.880361557006836,13.216531753540039
2006-05-31,23.733049392700195,109.28231811523438,55.34027099609375,87.90531921386719,54.53020095825195,44.1401481628418,15.320552825927734,17.787517547607422,23.052614212036133,7.872241973876953,13.988783836364746,7.9193830490112305,21.42143440246582,12.9955472946167
2006-06-30,23.68730354309082,108.68778991699219,55.47115707397461,88.13459777832031,54.76343536376953,44.19856262207031,15.709419250488281,17.70524787902832,23.02298927307129,7.8337082862854,14.246244430541992,8.101091384887695,21.428911209106445,12.972801208496094
2006-07-31,22.80999755859375,105.70448303222656,55.83999252319336,88.52928924560547,55.59082794189453,44.146080017089844,16.23537826538086,18.11037254333496,21.71556854248047,7.629485130310059,14.470040321350098,8.489968299865723,22.598148345947266,12.541544914245605
2006-08-31,23.221948623657227,106.97746276855469,56.2598991394043,90.46119689941406,56.51525115966797,45.16086196899414,15.41045093536377,18.323898315429688,21.960712432861328,8.16508960723877,15.029521942138672,8.723286628723145,23.243000030517578,12.79019546508789
2006-09-30,23.425586700439453,107.75910186767578,56.50690841674805,92.90377807617188,56.57786178588867,46.18147277832031,14.846602439880371,19.061492919921875,22.799171447753906,8.49443244934082,15.021951675415039,8.59640884399414,23.599689483642578,13.605019569396973
2006-10-31,24.629545211791992,112.1512451171875,56.74275207519531,95.83184051513672,56.53632354736328,47.81175994873047,15.47990894317627,19.507461547851562,23.441984176635742,8.830353736877441,15.288293838500977,9.051651000976562,23.67790985107422,14.484768867492676
2006-11-30,25.275480270385742,115.65080261230469,57.017066955566406,97.73744201660156,57.14262008666992,48.925514221191406,16.80763053894043,19.645118713378906,24.016403198242188,9.081321716308594,15.158082008361816,9.291911125183105,23.649463653564453,14.667725563049316
2006-12-31,25.28268814086914,115.03934478759766,57.0545539855957,99.04431915283203,55.826080322265625,49.51341247558594,16.334108352661133,20.38443946838379,24.13471794128418,9.0324068069458,15.538384437561035,9.371246337890625,23.896671295166016,14.985798835754395
2007-01-31,25.788427352905273,119.10328674316406,57.14738464355469,100.5339584350586,55.95604705810547,50.435081481933594,16.183664321899414,20.573076248168945,24.637956619262695,9.214916229248047,15.853670120239258,9.338072776794434,24.624481201171875,15.415534019470215
2007-02-28,25.623674392700195,120.416015625,57.56277084350586,98.56178283691406,57.063533782958984,49.615787506103516,15.852131843566895,19.946125030517578,24.362213134765625,8.966394424438477,15.609766960144043,9.833170890808105,24.053647994995117,14.954547882080078
2007-03-31,26.06192398071289,121.99571990966797,57.82221603393555,99.70398712158203,57.249332427978516,50.17194747924805,16.848878860473633,19.8518009185791,24.560012817382812,9.055706024169922,15.932319641113281,10.186461448669434,24.100603103637695,14.883856773376465
2007-04-30,26.668277740478516,125.37379455566406,57.99887466430664,104.12044525146484,57.62979507446289,52.189903259277344,17.712568283081055,20.62069320678711,25.699920654296875,9.48286247253418,16.380701065063477,10.68680477142334,25.862489700317383,15.23609733581543
2007-05-31,27.834943771362305,131.80624389648438,57.95981216430664,107.6522216796875,56.874000549316406,54.13334655761719,19.09054946899414,21.1165714263916,27.03327751159668,9.96049976348877,16.601898193359375,10.735552787780762,26.306556701660156,15.693997383117676
2007-06-30,27.386812210083008,128.9407501220703,58.235145568847656,106.0782699584961,56.7518424987793,53.179115295410156,19.33940887451172,20.268451690673828,27.040576934814453,9.948065757751465,16.271085739135742,10.225916862487793,25.425867080688477,15.419830322265625
2007-07-31,26.000154495239258,122.88731384277344,58.761680603027344,102.75692749023438,58.057559967041016,51.2994384765625,19.34222412109375,18.43095588684082,27.296844482421875,9.92863941192627,15.807918548583984,9.817705154418945,24.216144561767578,14.506325721740723
2007-08-31,26.485485076904297,124.27212524414062,59.37797927856445,104.07561492919922,58.53483581542969,52.054134368896484,19.574878692626953,18.907142639160156,27.303773880004883,10.119049072265625,16.180856704711914,9.972718238830566,24.770597457885742,14.5964994430542
2007-09-30,26.91425323486328,127.55841064453125,59.70569610595703,108.10478973388672,59.284400939941406,54.05654525756836,21.023256301879883,19.36871337890625,28.597402572631836,10.50139045715332,16.924251556396484,10.355295181274414,25.543426513671875,14.468097686767578
2007-10-31,27.37730598449707,130.8415069580078,59.991065979003906,109.57144927978516,59.97574234008789,55.0253791809082,21.55726432800293,19.035737991333008,28.228437423706055,11.058195114135742,17.18434715270996,11.044778823852539,26.020334243774414,14.397387504577637
2007-11-30,25.42866325378418,124.39421844482422,61.066619873046875,105.32742309570312,62.445499420166016,52.53706741333008,20.649444580078125,17.49505043029785,27.42788314819336,10.224936485290527,17.65614128112793,11.117632865905762,26.352712631225586,13.611719131469727
2007-12-31,25.16045570373535,123.3505859375,61.24958801269531,104.14134979248047,62.48443603515625,52.17219924926758,22.359485626220703,16.47557830810547,27.39128875732422,10.428545951843262,17.509613037109375,11.09748363494873,25.607566833496094,12.937512397766113
2008-01-31,23.802207946777344,115.94636535644531,62.26311111450195,97.84489440917969,64.71685791015625,48.95524978637695,19.612098693847656,16.595165252685547,25.880414962768555,9.094660758972168,16.5368595123291,10.282147407531738,24.439956665039062,12.890035629272461
2008-02-29,23.23724365234375,114.72154235839844,62.90646743774414,95.31635284423828,65.6375732421875,47.7331657409668,21.429607391357422,14.710127830505371,25.355810165405273,8.66437816619873,16.494300842285156,9.860058784484863,23.787254333496094,12.39152717590332
2008-03-31,23.218732833862305,112.58684539794922,63.065940856933594,94.46395874023438,65.54573822021484,47.30610656738281,20.928945541381836,14.277636528015137,26.276395797729492,8.764543533325195,17.028697967529297,10.018341064453125,22.706344604492188,12.17015552520752
2008-04-30,24.24542999267578,121.50379180908203,62.537723541259766,98.96635437011719,64.6283187866211,49.61726379394531,23.102102279663086,15.276549339294434,27.049219131469727,9.312331199645996,16.900339126586914,10.53061580657959,22.93216896057129,12.459352493286133
2008-05-31,25.25274658203125,128.1077880859375,62.32128143310547,100.46240997314453,64.69739532470703,50.617549896240234,24.303123474121094,14.214493751525879,27.28811264038086,9.918803215026855,17.413774490356445,10.908215522766113,23.36924934387207,12.800055503845215
2008-06-30,23.369670867919922,119.00780487060547,62.47425079345703,92.06614685058594,65.85509490966797,46.50699234008789,25.06999397277832,11.734147071838379,24.006576538085938,8.989675521850586,16.421276092529297,10.826812744140625,22.38050079345703,11.323655128479004
2008-07-31,23.81244468688965,116.8404769897461,62.745574951171875,91.23885345458984,65.45366668701172,46.216739654541016,21.080551147460938,12.527615547180176,24.197153091430664,8.769932746887207,16.82028579711914,10.129849433898926,23.383163452148438,11.343541145324707
2008-08-31,24.83390998840332,118.52796173095703,63.03820037841797,92.64881896972656,65.9647445678711,46.89158630371094,21.151390075683594,12.405989646911621,24.860673904418945,8.926888465881348,17.274559020996094,10.018118858337402,23.866193771362305,12.126811981201172
2008-09-30,23.181062698364258,105.7398910522461,63.52854919433594,83.92378997802734,63.31159591674805,42.55830001831055,17.993305206298828,11.630277633666992,21.85955047607422,7.815669536590576,17.05841064453125,8.917881965637207,22.092679977416992,11.1321382522583
2008-10-31,18.60016632080078,82.95530700683594,64.23038482666016,70.06069946289062,58.19004440307617,35.12009048461914,14.610679626464844,9.08085823059082,17.870891571044922,6.555716514587402,14.90756893157959,7.758530616760254,19.556245803833008,9.16905403137207
2008-11-30,16.395416259765625,75.08499145507812,64.9402847290039,65.18400573730469,58.70032501220703,32.30522918701172,14.292314529418945,7.40268087387085,16.401763916015625,6.0044846534729,14.87667179107666,8.083252906799316,18.321115493774414,8.175544738769531
2008-12-31,17.23113441467285,78.40465545654297,65.30591583251953,65.82256317138672,62.51786804199219,32.87576675415039,13.64927864074707,7.4301228523254395,16.78329086303711,6.09994649887085,14.879053115844727,7.889176368713379,19.638423919677734,8.671862602233887
2009-01-31,15.2168550491333,73.18357849121094,65.02050018310547,60.417579650878906,62.49266052246094,30.230422973632812,13.40640640258789,5.483574390411377,14.769577980041504,5.810980319976807,13.806903839111328,7.875588417053223,19.40172004699707,7.751208305358887
2009-02-28,13.418108940124512,66.26790618896484,64.92625427246094,53.92578125,61.119380950927734,27.04865837097168,11.75204086303711,4.510295867919922,12.254234313964844,5.5893073081970215,12.691134452819824,6.889103889465332,16.997770309448242,7.0476484298706055
2009-03-31,14.309612274169922,71.76656341552734,65.25052642822266,58.41839599609375,64.72904205322266,29.28618049621582,12.194409370422363,5.280827522277832,13.334723472595215,6.214247226715088,13.230298042297363,7.020157337188721,18.018619537353516,7.942531585693359
2009-04-30,16.89705467224121,82.37078094482422,65.14276885986328,64.22198486328125,63.567108154296875,32.504844665527344,13.147902488708496,6.431700229644775,15.744091033935547,6.862722396850586,13.794631004333496,7.102585315704346,17.996294021606445,9.413823127746582
2009-05-31,17.21162986755371,84.79297637939453,65.17925262451172,67.97600555419922,64.8362808227539,34.28067398071289,14.842375755310059,7.330816745758057,16.272274017333984,7.021857261657715,14.496905326843262,7.355367183685303,19.22433090209961,9.34510612487793
2009-06-30,17.51759147644043,85.54346466064453,65.11773681640625,67.9314956665039,64.96477508544922,34.40658187866211,13.870362281799316,7.199923515319824,15.994953155517578,7.277432918548584,14.525733947753906,7.7504706382751465,19.67997932434082,9.368789672851562
2009-07-31,19.22480010986328,92.66668701171875,65.18946838378906,72.99957275390625,65.02185821533203,37.068687438964844,14.61223316192627,7.838576316833496,17.393423080444336,7.872896194458008,15.492425918579102,8.042259216308594,20.846858978271484,10.257766723632812
2009-08-31,19.682159423828125,96.70800018310547,65.45621490478516,75.6961669921875,65.56889343261719,38.44436264038086,14.77099895477295,8.856803894042969,18.22376251220703,8.00078010559082,15.681976318359375,8.122846603393555,21.407865524291992,10.619043350219727
2009-09-30,20.68520736694336,102.17413330078125,65.61084747314453,78.38014221191406,66.89537048339844,40.03346252441406,15.633970260620117,9.029313087463379,19.286893844604492,8.371404647827148,16.20119857788086,8.234777450561523,21.539567947387695,11.18703556060791
2009-10-31,19.531192779541016,97.56578826904297,65.69998168945312,76.87326049804688,67.66107177734375,38.98014831542969,16.019603729248047,8.491418838500977,18.518056869506836,8.267111778259277,16.4366455078125,7.970864295959473,21.088788986206055,10.922327041625977
2009-11-30,20.041019439697266,101.66027069091797,66.09184265136719,81.60916137695312,69.5550765991211,41.198829650878906,16.474822998046875,8.86008358001709,20.14360237121582,8.724393844604492,17.041175842285156,8.355507850646973,23.049659729003906,11.65536880493164
2009-12-31,21.692012786865234,107.85651397705078,65.53622436523438,83.16793823242188,68.1019287109375,42.378395080566406,16.619871139526367,8.73525619506836,20.4808406829834,9.230742454528809,17.003429412841797,8.812664985656738,23.471593856811523,12.189961433410645
2010-01-31,21.010168075561523,104.38520050048828,66.05760192871094,80.14546966552734,69.14414978027344,40.8672981262207,15.88814926147461,8.601799011230469,20.178674697875977,8.437692642211914,16.829984664916992,8.389360427856445,23.63024139404297,11.837813377380371
2010-02-28,21.874364852905273,109.6658706665039,66.16355895996094,82.64556884765625,68.2430648803711,42.27314376831055,16.36625099182129,8.905109405517578,21.254669189453125,8.73156452178955,17.363157272338867,8.278562545776367,23.72088623046875,12.497066497802734
2010-03-31,23.616535186767578,117.5290756225586,65.9854507446289,87.67699432373047,68.2391586303711,44.97682571411133,16.8272705078125,9.697562217712402,23.102333068847656,9.328786849975586,18.017295837402344,8.50130844116211,24.353620529174805,13.472691535949707
2010-04-30,24.991025924682617,122.4301986694336,66.18353271484375,89.03334045410156,69.95536041259766,45.95803451538086,17.526456832885742,9.825242042541504,24.085880279541016,9.445899963378906,17.823772430419922,8.724874496459961,23.406156539916992,14.28499698638916
2010-05-31,23.203393936157227,113.793701171875,66.48326873779297,81.95925903320312,70.0894546508789,42.33514404296875,15.51959228515625,8.92540454864502,21.88953399658203,8.739173889160156,16.99805450439453,8.243338584899902,21.88262939453125,13.279876708984375
2010-06-30,21.556642532348633,106.31391906738281,66.76182556152344,77.71862030029297,70.98650360107422,39.8625602722168,14.599968910217285,8.414094924926758,20.384580612182617,8.26755142211914,16.56777000427246,8.185471534729004,21.483434677124023,11.98917293548584
2010-07-31,22.946229934692383,113.54912567138672,66.89130401611328,83.02684020996094,70.81404876708984,42.66112518310547,15.822511672973633,8.962440490722656,22.50998306274414,8.883564949035645,17.52935028076172,8.79662799835205,21.765308380126953,12.939915657043457
2010-08-31,21.202272415161133,107.91899108886719,67.0511474609375,79.2922592163086,72.18927764892578,40.651309967041016,15.046675682067871,8.261778831481934,20.949363708496094,8.385080337524414,17.204484939575195,8.924076080322266,21.40724754333496,12.425443649291992
2010-09-30,23.588985443115234,120.07757568359375,67.1307144165039,86.39322662353516,72.75634765625,44.4984245300293,16.550674438476562,8.762744903564453,23.36417007446289,9.363089561462402,18.24327850341797,9.182408332824707,23.347454071044922,13.794923782348633
2010-10-31,24.59099578857422,124.15194702148438,67.27800750732422,89.69363403320312,74.55644226074219,46.289939880371094,17.489501953125,8.890985488891602,24.036405563354492,9.904047966003418,18.825645446777344,9.281902313232422,23.868167877197266,14.558770179748535
2010-11-30,25.529109954833984,127.83039855957031,67.14019775390625,89.69363403320312,73.29452514648438,46.526275634765625,18.513961791992188,8.829916000366211,24.357587814331055,9.741354942321777,18.531190872192383,9.000983238220215,23.17899513244629,14.926258087158203
2010-12-31,27.46427345275879,136.20143127441406,67.03022003173828,95.68986511230469,72.2774887084961,49.764225006103516,20.239179611206055,9.775094985961914,26.178728103637695,10.282549858093262,19.34648895263672,9.280496597290039,24.245975494384766,15.537619590759277
2011-01-31,27.496362686157227,138.82318115234375,67.11798095703125,97.91944885253906,72.29090118408203,50.783573150634766,21.692249298095703,10.050883293151855,27.207273483276367,10.609107971191406,19.06266212463379,9.393023490905762,24.3845272064209,15.442084312438965
2011-02-28,28.715740203857422,145.1254425048828,67.0364990234375,101.3209228515625,72.81201171875,52.66130065917969,23.290618896484375,10.326671600341797,27.78533935546875,10.841779708862305,19.617109298706055,9.508511543273926,25.14653968811035,16.368284225463867
2011-03-31,29.55978012084961,148.8875274658203,66.94934844970703,101.33305358886719,73.67863464355469,52.8817024230957,23.729053497314453,10.071040153503418,28.40506935119629,10.673627853393555,19.861522674560547,9.53050422668457,25.601333618164062,16.273113250732422
2011-04-30,30.335344314575195,152.80149841308594,67.30696105957031,104.26782989501953,75.43070983886719,54.413307189941406,23.94626235961914,10.064900398254395,29.181734085083008,10.9521484375,20.923635482788086,9.916271209716797,27.248292922973633,16.898193359375
2011-05-31,30.074132919311523,151.40008544921875,67.55197143554688,103.0985107421875,75.63131713867188,53.83606719970703,22.94354248046875,9.733088493347168,28.374908447265625,10.83746337890625,21.448062896728516,10.128593444824219,27.920995712280273,16.852344512939453
2011-06-30,29.52155303955078,147.55494689941406,67.54875946044922,101.35923767089844,76.20227813720703,52.867252349853516,22.502538681030273,9.465873718261719,28.220060348510742,10.568334579467773,20.876514434814453,10.114021301269531,27.607160568237305,16.815670013427734
2011-07-31,28.587438583374023,142.4493408203125,67.74205017089844,99.3316421508789,79.17378997802734,51.669227600097656,22.8310546875,9.126709938049316,26.280126571655273,10.61357307434082,20.609128952026367,10.02037239074707,26.511571884155273,16.58148765563965
2011-08-31,26.360837936401367,132.24652099609375,67.97550201416016,93.87078857421875,79.683349609375,48.523468017578125,20.49866485595703,8.251035690307617,24.5523624420166,10.050201416015625,20.649232864379883,10.237876892089844,25.952125549316406,15.711637496948242
2011-09-30,23.644947052001953,118.38972473144531,67.906494140625,87.35419464111328,79.67635345458984,44.84927749633789,17.542043685913086,7.311159133911133,22.26651954650879,9.741698265075684,19.96871566772461,10.260001182556152,24.787389755249023,14.628284454345703
2011-10-31,27.171083450317383,134.44094848632812,67.92977905273438,96.88868713378906,81.32605743408203,49.94649124145508,20.899948120117188,8.357378959655762,25.46706199645996,10.736509323120117,20.897808074951172,10.635370254516602,26.216983795166016,16.373937606811523
2011-11-30,27.340736389160156,134.1161651611328,67.96031951904297,96.49497985839844,81.75325775146484,49.760013580322266,21.24773406982422,7.930222034454346,25.82520866394043,10.575523376464844,21.4768009185791,10.745233535766602,26.46697425842285,16.256444931030273
2011-12-31,27.685518264770508,133.3071746826172,67.99568939208984,97.50318145751953,81.88729858398438,50.24620819091797,20.813785552978516,8.099396705627441,25.890865325927734,10.551316261291504,22.07177734375,11.103198051452637,27.2517147064209,16.468984603881836
2012-01-31,29.509597778320312,142.0917510986328,68.05206298828125,102.02481842041016,83.76094055175781,52.793643951416016,21.28347396850586,8.759810447692871,27.785694122314453,11.206369400024414,21.759281158447266,10.702030181884766,28.12371253967285,17.43973731994629
2012-02-29,30.15005111694336,148.5026092529297,67.95626831054688,106.45332336425781,83.2767562866211,55.02077865600586,22.545007705688477,9.195932388305664,28.560489654541016,12.002384185791016,22.574493408203125,10.766830444335938,28.422237396240234,18.228994369506836
2012-03-31,31.023584365844727,151.3614501953125,67.90397644042969,109.87720489501953,82.56098937988281,56.7086296081543,21.686059951782227,9.875308990478516,28.84010887145996,12.544187545776367,23.274497985839844,10.9131498336792,29.694726943969727,19.089523315429688
2012-04-30,30.60079574584961,150.9342803955078,68.0408706665039,109.14372253417969,84.03445434570312,56.34764862060547,21.531917572021484,9.644054412841797,28.52410316467285,12.402776718139648,23.342798233032227,11.106247901916504,29.615760803222656,19.309667587280273
2012-05-31,28.685949325561523,141.19305419921875,68.0795669555664,102.58899688720703,85.6700668334961,52.83964538574219,19.231830596923828,8.756525993347168,26.720638275146484,11.616683006286621,23.069618225097656,11.168538093566895,28.541988372802734,18.24702262878418
2012-06-30,29.90163230895996,143.9217071533203,68.01351165771484,106.75218963623047,85.09708404541016,54.97707748413086,20.156875610351562,9.194283485412598,27.621450424194336,11.995820999145508,23.90923309326172,11.627693176269531,30.17228889465332,18.600427627563477
2012-07-31,29.669017791748047,143.8880615234375,68.1634292602539,108.0150375366211,86.59014129638672,55.458229064941406,21.15302085876465,9.206847190856934,27.72985076904297,12.217114448547363,24.5006046295166,11.920031547546387,30.47393226623535,18.49846649169922
2012-08-31,30.82394027709961,148.98797607421875,68.1683120727539,110.7210464477539,86.3762435913086,56.95687484741211,21.723997116088867,9.52086067199707,28.1557559967041,12.730684280395508,24.38370704650879,11.426509857177734,30.831151962280273,19.352441787719727
2012-09-30,31.533945083618164,151.50350952148438,68.17961120605469,113.52792358398438,86.8183364868164,58.37588119506836,22.40089225769043,9.831592559814453,28.470483779907227,12.925823211669922,24.81204605102539,11.560118675231934,32.00548553466797,19.94864273071289
2012-10-31,30.817907333374023,150.0973358154297,68.1327896118164,111.46190643310547,87.36019134521484,57.32170104980469,21.946334838867188,10.027088165283203,28.439311981201172,12.104072570800781,24.507352828979492,11.72213077545166,31.93368148803711,19.641677856445312
2012-11-30,31.218887329101562,153.54977416992188,68.14891815185547,112.0927734375,87.84769439697266,57.76556396484375,21.677881240844727,9.938799858093262,28.938100814819336,12.213082313537598,24.957473754882812,11.220202445983887,32.10121536254883,20.264135360717773
2012-12-31,32.19955825805664,157.0605926513672,68.16588592529297,113.09426879882812,87.12582397460938,58.51237487792969,21.898723602294922,10.400869369506836,29.754913330078125,12.165270805358887,24.439189910888672,11.218341827392578,31.985843658447266,20.355506896972656
2013-01-31,34.07134246826172,168.18190002441406,68.17395782470703,118.88361358642578,86.67372131347656,61.68234634399414,23.716976165771484,11.029111862182617,31.46640968322754,12.397193908691406,25.818706512451172,11.751630783081055,34.41606140136719,21.509727478027344
2013-02-28,34.55371856689453,169.577392578125,68.2151107788086,120.40037536621094,86.83871459960938,62.47282409667969,23.821216583251953,11.16237735748291,32.165138244628906,12.494181632995605,26.673036575317383,12.024699211120605,34.849159240722656,21.85299301147461
2013-03-31,35.98807907104492,177.79042053222656,68.23774719238281,124.97216033935547,87.02531433105469,64.93956756591797,24.426921844482422,11.594785690307617,32.92763900756836,12.816240310668945,27.987058639526367,12.670300483703613,37.0138053894043,22.809249877929688
2013-04-30,35.930206298828125,178.85009765625,68.28465270996094,127.3731460571289,87.71468353271484,65.98230743408203,24.106616973876953,11.906777381896973,32.6832160949707,13.040637969970703,28.810420989990234,13.425333023071289,38.12541580200195,23.50212860107422
2013-05-31,37.48447799682617,182.94476318359375,68.19327545166016,130.3804168701172,84.03660583496094,67.59455871582031,24.793434143066406,12.632648468017578,34.323280334472656,13.404765129089355,28.184118270874023,12.210144996643066,38.75372314453125,24.151987075805664
2013-06-30,37.44412612915039,178.74588012695312,68.12621307373047,128.64053344726562,80.84146118164062,66.62344360351562,24.231433868408203,12.43424129486084,33.79331588745117,13.017131805419922,28.098909378051758,12.319374084472656,38.52458953857422,24.350250244140625
2013-07-31,40.010623931884766,190.66517639160156,68.2370376586914,135.2882843017578,81.5706787109375,70.45142364501953,25.506437301635742,13.099104881286621,35.790470123291016,13.502242088317871,29.317222595214844,12.85300350189209,41.28385543823242,25.632526397705078
2013-08-31,39.077728271484375,183.29750061035156,68.17069244384766,131.2306671142578,80.08101654052734,68.31584930419922,25.243389129638672,12.427848815917969,34.9028434753418,13.36181354522705,27.985586166381836,12.211332321166992,39.827354431152344,24.902875900268555
2013-09-30,41.481727600097656,193.1129608154297,68.32274627685547,135.38365173339844,81.48737335205078,70.97816467285156,25.7770938873291,12.77851390838623,36.950557708740234,13.700149536132812,28.36928367614746,12.351442337036133,41.104759216308594,26.253345489501953
2013-10-31,42.9655876159668,200.10096740722656,68.36963653564453,141.65283203125,81.76759338378906,74.00679779052734,26.859045028686523,13.202110290527344,38.71010208129883,14.388579368591309,30.18691062927246,12.817471504211426,42.876033782958984,27.457109451293945
2013-11-30,44.89004135131836,202.58387756347656,68.43355560302734,145.85107421875,80.90355682373047,76.00699615478516,26.874591827392578,13.786160469055176,40.12731170654297,14.833272933959961,30.657352447509766,12.569581031799316,44.89918518066406,28.405397415161133
2013-12-31,45.5070686340332,208.98451232910156,68.31219482421875,149.63250732421875,79.72831726074219,78.0845947265625,27.646343231201172,14.096015930175781,41.82012939453125,15.357586860656738,30.86886978149414,12.68409538269043,45.2309455871582,29.053953170776367
2014-01-31,43.822383880615234,204.3461151123047,68.44981384277344,144.35821533203125,81.40411376953125,75.60987854003906,26.04397201538086,13.58015251159668,40.03558349609375,14.962261199951172,29.27442169189453,13.061578750610352,45.65518569946289,27.310625076293945
2014-02-28,45.75310134887695,214.2818603515625,68.4765396118164,150.92877197265625,81.75959777832031,79.2894515991211,27.377710342407227,13.992850303649902,41.66007995605469,15.619707107543945,30.41638946533203,13.512555122375488,48.49435806274414,29.058298110961914
2014-03-31,46.058204650878906,215.0210418701172,68.40199279785156,152.18084716796875,81.3243408203125,79.69331359863281,27.954940795898438,14.458925247192383,42.058570861816406,15.686903953552246,31.083412170410156,13.96535587310791,47.88439178466797,28.225183486938477
2014-04-30,44.799476623535156,211.82022094726562,68.47571563720703,153.2387237548828,82.39802551269531,79.74237060546875,29.4239501953125,14.212982177734375,42.621185302734375,15.73006534576416,31.93520164489746,14.554823875427246,47.58148193359375,27.841398239135742
2014-05-31,44.87057876586914,215.28712463378906,68.59809112548828,156.79476928710938,84.04708862304688,81.41846466064453,29.916759490966797,14.426567077636719,43.44097137451172,16.321292877197266,32.51271057128906,14.396510124206543,48.94866943359375,28.643848419189453
2014-06-30,47.008079528808594,224.2679901123047,68.5438232421875,160.0318603515625,84.35791778564453,83.5526351928711,31.566165924072266,14.776068687438965,43.64726638793945,16.626312255859375,32.430362701416016,15.035990715026855,49.98713302612305,29.199153900146484
2014-07-31,44.39534378051758,214.4300537109375,68.49107360839844,157.8813934326172,84.2801513671875,81.88603210449219,30.471904754638672,14.561637878417969,41.8468017578125,16.908113479614258,31.354677200317383,14.013432502746582,50.05286407470703,28.82727813720703
2014-08-31,46.28255081176758,225.28366088867188,68.61842346191406,164.11190795898438,84.79222106933594,85.284912109375,31.137296676635742,15.178935050964355,43.61497116088867,17.463050842285156,32.80104446411133,14.703064918518066,52.47703552246094,30.109161376953125
2014-09-30,43.870262145996094,215.05645751953125,68.568115234375,161.84780883789062,82.59161376953125,83.496826171875,28.723722457885742,15.117700576782227,43.11495590209961,17.372758865356445,32.994163513183594,14.427679061889648,52.70531463623047,29.274877548217773
2014-10-31,46.90290451049805,222.6471405029297,68.74669647216797,165.659423828125,83.33596801757812,85.78958892822266,27.709421157836914,15.554848670959473,44.7860221862793,17.651411056518555,34.16441345214844,15.586283683776855,55.47625732421875,29.893823623657227
2014-11-30,46.81456756591797,226.7356414794922,68.81893920898438,170.2104949951172,83.46863555908203,87.91743469238281,25.300460815429688,15.920228958129883,46.16505432128906,18.500463485717773,36.05878448486328,15.767951965332031,57.405967712402344,31.52239227294922
2014-12-31,48.168243408203125,228.62448120117188,68.61756134033203,169.7786865234375,82.59120178222656,87.88372802734375,25.24713134765625,16.21796989440918,46.15508270263672,18.097753524780273,35.72138214111328,16.33042335510254,56.600364685058594,31.802949905395508
2015-01-31,46.44099807739258,226.11280822753906,69.04815673828125,164.74827575683594,85.26036834716797,85.4793930053711,24.09576416015625,15.089991569519043,44.51543045043945,17.4631290435791,35.375152587890625,16.710844039916992,57.3370246887207,30.850841522216797
2015-02-28,49.23244094848633,237.48472595214844,68.84737396240234,174.00787353515625,84.1617660522461,90.3875961303711,25.202482223510742,15.968779563903809,46.89741516113281,18.85930061340332,36.841129302978516,15.64220905303955,59.795433044433594,33.48677062988281
2015-03-31,50.02022933959961,240.6505126953125,69.01893615722656,171.27503967285156,83.75618743896484,89.33647155761719,24.911333084106445,15.870401382446289,45.7033805847168,18.21137046813965,36.12544631958008,15.486517906188965,60.17849349975586,33.32501983642578
2015-04-30,48.867523193359375,237.1002655029297,69.0409164428711,172.9592742919922,84.32394409179688,89.88627624511719,26.54897689819336,15.883564949035645,45.588653564453125,18.712371826171875,35.85120391845703,15.413322448730469,59.52275085449219,33.30733108520508
2015-05-31,49.5794792175293,241.04110717773438,69.0694351196289,175.182861328125,83.47599029541016,91.05243682861328,25.171424865722656,16.19294548034668,45.73617172241211,19.05954360961914,36.16249465942383,15.510923385620117,62.203800201416016,33.74518966674805
2015-06-30,50.10368728637695,237.92428588867188,69.0914077758789,171.6245574951172,82.62065887451172,89.52742767333984,24.294580459594727,16.11829376220703,44.522003173828125,18.275657653808594,35.499141693115234,14.582744598388672,61.95996856689453,33.932289123535156
2015-07-31,49.687171936035156,238.17674255371094,69.12236785888672,175.50144958496094,83.0630874633789,91.0499038696289,22.426258087158203,16.667022705078125,44.65376281738281,18.79655647277832,37.52021789550781,15.47262191772461,63.79236602783203,35.591617584228516
2015-08-31,47.10717010498047,224.6868896484375,69.08816528320312,164.80458068847656,82.27410888671875,85.50364685058594,21.47270965576172,15.490219116210938,42.24073791503906,17.759170532226562,35.282859802246094,14.93447494506836,58.71163558959961,33.266761779785156
2015-09-30,45.445613861083984,217.50103759765625,69.2919921875,160.5994110107422,81.84375,83.00438690185547,19.9280948638916,15.054415702819824,41.309722900390625,17.515544891357422,35.42041778564453,15.370182037353516,55.363399505615234,33.07149124145508
2015-10-31,48.20892333984375,229.5780792236328,69.194091796875,174.25997924804688,82.08937072753906,89.57106018066406,22.152090072631836,15.997806549072266,44.93644332885742,19.355783462524414,37.43950653076172,15.5335054397583,59.6349983215332,36.05976486206055
2015-11-30,49.509559631347656,232.64544677734375,69.01539611816406,174.89694213867188,81.97102355957031,90.10917663574219,22.148836135864258,16.31669807434082,45.32560729980469,19.49324607849121,37.09424591064453,15.20330810546875,59.44271469116211,35.97514724731445
2015-12-31,47.16499710083008,222.88079833984375,68.91250610351562,171.87429809570312,81.1424560546875,88.19575500488281,19.81945037841797,15.930914878845215,44.159637451171875,19.087560653686523,38.17653274536133,15.525490760803223,60.466827392578125,34.95233917236328
2016-01-31,44.26081848144531,210.5365447998047,69.36180114746094,163.3171844482422,82.41490936279297,83.14754486083984,19.126171112060547,14.5203275680542,41.64383316040039,18.378955841064453,38.38068771362305,16.29315185546875,55.79939270019531,33.14122772216797
2016-02-29,44.74483871459961,213.14230346679688,69.43937683105469,163.18235778808594,83.42106628417969,83.13910675048828,18.590599060058594,14.099160194396973,43.41822052001953,18.258634567260742,38.50166702270508,16.60883140563965,55.59792709350586,33.288795471191406
2016-03-31,48.401466369628906,231.22390747070312,69.53507232666016,174.1590118408203,84.81192016601562,89.05020141601562,20.480499267578125,15.108537673950195,46.44600296020508,19.869356155395508,40.32599639892578,17.933622360229492,57.10321807861328,35.51827621459961
2016-04-30,48.981910705566406,233.9787139892578,69.5604476928711,174.8453826904297,84.98947143554688,89.6363754272461,22.33695411682129,15.652446746826172,47.02375411987305,18.87051010131836,39.74838638305664,17.49991798400879,58.79661178588867,35.563201904296875
2016-05-31,49.76876449584961,239.23297119140625,69.47772216796875,177.81982421875,84.4419937133789,91.1910400390625,22.128463745117188,15.947901725769043,46.822792053222656,19.793209075927734,40.02198791503906,17.763751983642578,60.110897064208984,35.58115768432617
2016-06-30,50.1198844909668,240.34933471679688,69.89640045166016,178.4377899169922,86.34092712402344,91.4404296875,22.73052215576172,15.432360649108887,47.15672302246094,19.520498275756836,42.16657638549805,19.118789672851562,60.657379150390625,35.17568588256836
2016-07-31,52.62132263183594,250.54673767089844,69.86360168457031,184.9456787109375,86.89246368408203,95.07550048828125,22.444055557250977,15.96567153930664,48.8658447265625,20.906782150268555,41.8225212097168,18.99125862121582,63.609439849853516,36.77993392944336
2016-08-31,53.358821868896484,251.69448852539062,69.70039367675781,185.16712951660156,86.59471893310547,95.27176666259766,22.82045555114746,16.579994201660156,49.32891082763672,21.14983558654785,41.577850341796875,17.938209533691406,61.545528411865234,36.30225372314453
2016-09-30,53.69607925415039,250.21212768554688,69.7906723022461,185.17791748046875,87.24479675292969,95.4614486694336,23.662126541137695,16.115459442138672,49.42074203491211,21.594364166259766,40.935245513916016,18.00298309326172,61.23188781738281,36.2054557800293
2016-10-31,51.325927734375,243.56396484375,69.75696563720703,181.9674835205078,86.77294921875,93.3692626953125,22.99525260925293,16.482852935791016,48.43028259277344,21.43165397644043,40.61982727050781,18.164676666259766,57.19845199584961,35.327903747558594
2016-11-30,57.753013610839844,262.7640075683594,69.42912292480469,188.67083740234375,84.97549438476562,97.562255859375,24.942243576049805,18.79579734802246,52.83226013183594,21.46781349182129,38.91195297241211,17.179821014404297,58.378761291503906,37.024192810058594
2016-12-31,59.70842361450195,268.48876953125,69.47937774658203,192.4955596923828,84.94096374511719,99.5004653930664,25.373933792114258,19.50185775756836,52.993995666503906,21.952953338623047,40.077980041503906,18.021427154541016,58.796897888183594,37.03864669799805
2017-01-31,59.36106491088867,272.9111633300781,69.55342102050781,195.94017028808594,85.69901275634766,101.346923828125,24.55868148803711,19.552181243896484,53.98197937011719,22.733741760253906,40.7600212097168,18.247758865356445,60.14442443847656,38.599361419677734
2017-02-28,60.316280364990234,279.9942626953125,69.57893371582031,203.6389923095703,86.0517807006836,105.091552734375,24.046619415283203,20.58389663696289,56.09423065185547,23.764202117919922,42.70541763305664,19.208759307861328,63.9567756652832,39.30009841918945
2017-03-31,60.254573822021484,278.7296447753906,69.6234130859375,203.8935546875,86.0517807006836,105.14958953857422,23.689289093017578,19.975418090820312,55.6648063659668,24.29320526123047,42.52490997314453,19.182764053344727,63.64936828613281,40.13874435424805
2017-04-30,60.80345153808594,280.8975524902344,69.7536392211914,205.91741943359375,86.4388656616211,106.26766204833984,22.991146087646484,19.807052612304688,56.75996017456055,24.780799865722656,42.99238967895508,19.328569412231445,64.62520599365234,41.10169982910156
2017-05-31,59.53145217895508,279.5772399902344,69.8048095703125,208.8235321044922,86.4041976928711,107.34239959716797,22.177780151367188,19.571359634399414,57.769569396972656,25.760555267333984,44.129920959472656,20.12862777709961,65.12166595458984,41.55351257324219
2017-06-30,61.26199722290039,283.83441162109375,69.75033569335938,210.1547393798828,85.6551284790039,108.35924530029297,22.153013229370117,20.846113204956055,58.550174713134766,25.036212921142578,43.13544845581055,19.5833740234375,68.09580993652344,41.03020095825195
2017-07-31,61.87367248535156,286.4081115722656,69.88003540039062,214.4743194580078,86.05028533935547,110.39669036865234,22.733118057250977,21.201005935668945,58.72209548950195,26.152587890625,43.433815002441406,20.058263778686523,68.65441131591797,41.82215118408203
2017-08-31,60.3532600402832,282.0113525390625,70.02140808105469,215.1000518798828,86.94308471679688,110.56214141845703,21.48760986328125,20.871450424194336,58.851043701171875,26.916667938232422,42.95487976074219,20.717819213867188,69.85751342773438,41.0439453125
2017-09-30,65.05705261230469,292.9452209472656,69.89069366455078,219.43421936035156,86.33273315429688,113.25994873046875,23.675546646118164,21.942790985107422,61.31364059448242,27.136804580688477,42.64775085449219,20.146686553955078,70.49420166015625,41.38209915161133
2017-10-31,65.6180648803711,299.48931884765625,69.82691192626953,224.60499572753906,86.53654479980469,115.71713256835938,23.47848129272461,22.570695877075195,61.771339416503906,28.90460205078125,41.94459915161133,20.932809829711914,69.95941162109375,42.25953674316406
2017-11-30,67.9145736694336,310.5221252441406,69.67599487304688,231.4701690673828,86.61121368408203,119.2237319946289,23.8898983001709,23.35133934020996,64.34477996826172,29.313268661499023,44.28318405151367,21.494863510131836,71.9949722290039,44.40031433105469
2017-12-31,67.5576171875,311.2610778808594,69.66194915771484,234.2775115966797,87.42144012451172,120.60798645019531,25.148752212524414,23.792236328125,65.70152282714844,29.473247528076172,45.2808952331543,20.19266700744629,71.59867095947266,45.49176788330078
2018-01-31,69.25511169433594,319.90289306640625,69.46250915527344,247.48117065429688,86.67809295654297,126.91736602783203,26.050151824951172,25.352243423461914,69.22666931152344,31.547197341918945,46.0211181640625,19.56403923034668,76.292236328125,49.69569778442383
2018-02-28,66.6164779663086,305.7190856933594,69.39262390136719,238.48265075683594,85.78207397460938,122.14579010009766,23.227615356445312,24.61060905456543,66.55242919921875,31.41816520690918,42.51103210449219,18.805082321166992,72.86299133300781,47.97172546386719
2018-03-31,67.93817901611328,308.7040710449219,69.56416320800781,231.9456787109375,86.64816284179688,119.74785614013672,23.627832412719727,23.58795928955078,64.76327514648438,30.245073318481445,42.12548828125,19.519025802612305,70.73785400390625,46.82773971557617
2018-04-30,68.65274047851562,307.60205078125,69.40081024169922,233.14450073242188,86.53443145751953,120.28606414794922,25.871095657348633,23.485286712646484,62.958740234375,30.26357078552246,40.380611419677734,19.91689682006836,71.48522186279297,47.94189453125
2018-05-31,73.08139038085938,320.27606201171875,69.64530944824219,238.81198120117188,86.81927490234375,123.55944061279297,26.64572525024414,23.25428581237793,64.89403533935547,32.316280364990234,39.74827575683594,19.696714401245117,71.61559295654297,48.89427185058594
2018-06-30,73.84440612792969,321.60235595703125,69.6753921508789,240.18533325195312,87.38135528564453,124.42880249023438,26.797481536865234,22.848051071166992,62.694793701171875,32.23122787475586,41.56439971923828,20.250957489013672,72.79674530029297,50.66357421875
2018-07-31,76.23332977294922,327.0829162597656,69.6335220336914,249.0833740234375,86.91582489013672,128.55780029296875,27.213884353637695,24.016658782958984,67.32494354248047,32.90397644042969,43.20988464355469,20.574432373046875,77.56787872314453,51.57673645019531
2018-08-31,79.90518188476562,337.42791748046875,69.87500762939453,257.0340576171875,87.47615814208984,132.9703826904297,26.268163681030273,24.343177795410156,67.48248291015625,35.075294494628906,43.37926483154297,20.839460372924805,80.92601013183594,54.209571838378906
2018-09-30,77.4417495727539,333.8163757324219,69.77505493164062,258.5623779296875,86.62723541259766,133.2311553955078,26.910673141479492,23.803869247436523,68.95182037353516,35.06855010986328,43.80751419067383,20.70435333251953,83.31670379638672,54.49712371826172
2018-10-31,69.28390502929688,301.7392272949219,69.88188934326172,240.69456481933594,85.31122589111328,123.35786437988281,23.862173080444336,22.681856155395508,61.45857238769531,32.261383056640625,44.68479537963867,21.113332748413086,77.66886901855469,48.992549896240234
2018-11-30,70.3935317993164,311.35968017578125,70.14815521240234,245.15921020507812,85.71990966796875,125.84175872802734,23.489103317260742,23.277385711669922,63.79802322387695,31.62825584411621,45.70018005371094,21.860492706298828,83.94717407226562,50.20596694946289
2018-12-31,61.8085823059082,276.124755859375,70.68118286132812,223.57333374023438,86.17542266845703,114.29438018798828,20.567251205444336,20.686847686767578,56.99776840209961,28.978919982910156,41.6262092590332,20.987285614013672,76.09504699707031,46.21146774291992
2019-01-31,68.37997436523438,304.515380859375,70.85871124267578,241.4739227294922,87.40298461914062,124.05545043945312,22.873220443725586,22.52800750732422,63.510799407958984,30.989397048950195,43.76572799682617,21.716999053955078,79.75422668457031,50.771461486816406
2019-02-28,71.34913635253906,317.67974853515625,70.91967010498047,249.30148315429688,87.25348663330078,128.47035217285156,23.40040397644043,23.03171730041504,67.55487060546875,33.13079071044922,44.544471740722656,22.609315872192383,80.61624908447266,51.43890380859375
2019-03-31,69.02014923095703,315.915771484375,71.36421966552734,253.81399536132812,88.97685241699219,130.29042053222656,23.898386001586914,22.44223976135254,66.77832794189453,34.710693359375,46.24740219116211,23.24044418334961,81.0047607421875,53.31914138793945
2019-04-30,71.68612670898438,328.4464111328125,71.49510955810547,264.1828918457031,89.17356872558594,135.40440368652344,23.894765853881836,24.458633422851562,69.43063354492188,36.91997528076172,47.566162109375,23.456188201904297,78.80638122558594,56.23215103149414
2019-05-31,65.45954132080078,301.9493103027344,72.01114654541016,247.33555603027344,90.73606872558594,126.6709976196289,21.24180793762207,22.704113006591797,64.12608337402344,33.720977783203125,45.835296630859375,23.27240562438965,77.05827331542969,51.95630645751953
2019-06-30,70.26296997070312,325.5497131347656,72.34310913085938,264.5468444824219,91.41606140136719,135.63682556152344,23.237504959106445,24.214771270751953,69.20516967773438,36.735042572021484,48.22768020629883,24.01393699645996,82.13948059082031,56.01716995239258
2019-07-31,71.09774780273438,328.6070861816406,72.2969741821289,268.5466003417969,91.7040786743164,137.552734375,22.86911964416504,24.785045623779297,69.56270599365234,38.020111083984375,49.35718536376953,23.981718063354492,80.80952453613281,56.73148727416992
2019-08-31,67.83949279785156,315.0374755859375,72.86216735839844,264.0502624511719,93.84172821044922,134.68795776367188,20.965185165405273,23.618179321289062,67.72132873535156,37.4364128112793,50.42853546142578,25.201950073242188,80.33071899414062,56.19575500488281
2019-09-30,70.1199951171875,324.8558654785156,72.76437377929688,269.1881408691406,92.80351257324219,137.08450317382812,21.790019989013672,24.690948486328125,69.7606430053711,38.025230407714844,51.31167221069336,26.2734432220459,80.24591064453125,56.910247802734375
2019-10-31,71.54328155517578,328.32135009765625,72.99205017089844,275.138427734375,92.77633666992188,139.97145080566406,21.333602905273438,25.3082218170166,70.55144500732422,39.507904052734375,51.09446716308594,26.074588775634766,84.35926055908203,56.98097229003906
2019-11-30,73.69622802734375,337.915771484375,72.95767974853516,285.0980224609375,93.04816436767578,145.27330017089844,21.675914764404297,26.58685874938965,73.72360229492188,41.62803268432617,51.79622268676758,25.58759117126465,88.5794677734375,57.735374450683594
2019-12-31,75.91114044189453,347.3124084472656,73.07073974609375,293.38165283203125,93.37075805664062,149.3468780517578,22.982154846191406,27.28058433532715,73.57535552978516,43.42662048339844,53.04592514038086,26.4295654296875,91.6578140258789,59.33071517944336
2020-01-31,72.86018371582031,338.13409423828125,73.49382019042969,293.26318359375,95.36520385742188,149.255615234375,20.4558048248291,26.553810119628906,73.2502212524414,45.160465240478516,53.214385986328125,28.212797164916992,89.21026611328125,59.28340148925781
2020-02-29,65.8982925415039,306.3339538574219,74.13805389404297,270.0467529296875,96.24478912353516,137.31663513183594,17.328479766845703,23.56695556640625,65.99833679199219,41.86332321166992,48.843013763427734,25.431598663330078,83.33431243896484,54.794090270996094
2020-03-31,51.03849411010742,244.3555908203125,75.06040954589844,236.3256378173828,94.55292510986328,118.249267578125,11.372517585754395,18.609424591064453,53.705528259277344,38.272308349609375,46.1409912109375,22.889556884765625,80.09479522705078,46.62247848510742
2020-04-30,57.62410354614258,278.6831970214844,75.26506042480469,266.3351135253906,97.41658020019531,133.77911376953125,14.871150970458984,20.370256423950195,58.43809127807617,43.529571533203125,49.35145950317383,23.65378189086914,90.17671966552734,55.42597961425781
2020-05-31,60.16191482543945,298.87261962890625,75.20606994628906,279.0246887207031,98.05093383789062,140.99835205078125,15.168574333190918,20.924423217773438,61.58706283569336,46.65345001220703,50.17313766479492,24.657594680786133,93.14253234863281,59.03388977050781
2020-06-30,62.33664321899414,302.66131591796875,75.22341918945312,283.9730224609375,99.01692962646484,144.23870849609375,15.002392768859863,20.815034866333008,62.80205154418945,49.89542007446289,50.06043243408203,23.50553321838379,90.86744689941406,60.84852600097656
2020-07-31,65.0020751953125,316.7734069824219,75.2938232421875,300.6968994140625,101.3193130493164,152.5227813720703,14.281014442443848,21.61561393737793,65.57196807861328,52.73185729980469,53.52642822265625,25.33832359313965,95.82536315917969,65.27484893798828
2020-08-31,67.5214614868164,327.76104736328125,75.27642822265625,321.6846008300781,102.22089385986328,163.35934448242188,14.130393981933594,22.5421199798584,71.12998962402344,58.996829986572266,55.98505401611328,24.680185317993164,98.3042984008789,71.51167297363281
2020-09-30,64.3746109008789,316.986572265625,75.27557373046875,309.6394958496094,101.8344955444336,157.5803985595703,12.066420555114746,21.77067756652832,70.64472198486328,55.84928512573242,55.04742431640625,24.947057723999023,96.16081237792969,70.17910766601562
2020-10-31,66.015380859375,323.9469909667969,75.2407455444336,301.91912841796875,101.14557647705078,154.50852966308594,11.570870399475098,21.580738067626953,69.6260986328125,53.0544319152832,53.467288970947266,26.20743751525879,92.67829895019531,68.26445007324219
2020-11-30,78.04151916503906,370.26519775390625,75.25728607177734,334.7608337402344,102.36664581298828,172.745361328125,14.810067176818848,25.216718673706055,80.78534698486328,59.09400939941406,57.46059036254883,26.400693893432617,100.04441833496094,75.08756256103516
2020-12-31,84.4722671508789,394.2091369628906,75.28773498535156,347.16326904296875,103.49018859863281,180.82347106933594,15.473579406738281,26.80689811706543,81.59872436523438,62.368778228759766,58.40928268432617,26.564491271972656,103.84394073486328,76.91056060791016
2021-01-31,89.68399810791016,399.8792724609375,75.3051986694336,343.6254577636719,103.7658462524414,180.21958923339844,16.053327560424805,26.3249568939209,78.11544799804688,61.845909118652344,55.499637603759766,26.33146858215332,105.29944610595703,77.49893951416016
2021-02-28,96.59617614746094,427.0003967285156,75.2615966796875,353.1801452636719,102.0146713256836,185.87730407714844,19.65838623046875,29.380287170410156,83.49699401855469,62.69016647338867,54.815521240234375,24.72573471069336,103.08415222167969,77.08756256103516
2021-03-31,100.01358795166016,447.7140197753906,75.21973419189453,369.21429443359375,101.74711608886719,192.6580047607422,20.242431640625,31.099746704101562,91.00077819824219,63.84156799316406,59.4738655090332,27.334810256958008,107.23567199707031,80.52554321289062
2021-04-30,101.8658676147461,467.0220642089844,75.2624740600586,388.7496337890625,103.20182037353516,202.3612518310547,20.37859344482422,33.118263244628906,94.21745300292969,67.15359497070312,60.579586029052734,28.478742599487305,111.45201873779297,85.72396087646484
2021-05-31,103.99459075927734,468.1318054199219,75.3078384399414,391.3021545410156,104.25852966308594,203.28404235839844,21.542139053344727,34.69835662841797,97.16609191894531,66.5286865234375,61.650482177734375,27.81287384033203,113.53719329833984,82.81092834472656
2021-06-30,104.34307098388672,461.7836608886719,75.1786880493164,400.0780944824219,105.01407623291016,208.3295135498047,22.454219818115234,33.64374923706055,94.95121002197266,71.11006927490234,61.31483840942383,27.198684692382812,116.14734649658203,85.67359924316406
2021-07-31,101.83101654052734,463.0908203125,75.30351257324219,409.8449401855469,107.82405090332031,211.94784545898438,20.58686065673828,33.48786163330078,95.84136199951172,73.87432861328125,62.66434097290039,28.377300262451172,121.86481475830078,86.57565307617188
2021-08-31,103.77970123291016,472.3827819824219,75.27906036376953,422.0418395996094,107.64710235595703,218.00645446777344,20.17420768737793,35.21177291870117,96.90773010253906,76.50376892089844,63.321556091308594,29.482807159423828,124.68661499023438,88.12071228027344
2021-09-30,101.30023193359375,453.4627380371094,75.20313262939453,402.3724365234375,106.80728912353516,208.2742919921875,21.976062774658203,34.56299591064453,91.01593780517578,72.03598022460938,60.70058059692383,27.68634605407715,117.80592346191406,86.23423767089844
2021-10-31,104.89058685302734,480.1115417480469,74.95079803466797,430.6042785644531,107.99240112304688,222.20240783691406,24.245817184448242,37.07717514038086,97.20211029052734,77.92642211914062,62.82563018798828,28.999588012695312,123.83966827392578,96.66211700439453
2021-11-30,102.33928680419922,465.6460266113281,74.90802001953125,427.1443786621094,108.92658996582031,218.95718383789062,23.030778884887695,34.95899963378906,93.74156951904297,81.39506530761719,61.9791259765625,28.505495071411133,120.05469512939453,98.2431411743164
2021-12-31,106.9291000366211,489.62579345703125,74.74898529052734,446.8988952636719,109.36548614501953,227.2623291015625,23.717878341674805,36.135135650634766,98.8013687133789,84.03824615478516,68.4588851928711,31.26746940612793,130.88343811035156,98.39025115966797
2022-01-31,99.21592712402344,454.025634765625,74.23347473144531,423.32891845703125,107.11384582519531,213.49143981933594,28.170854568481445,36.14437484741211,94.06721496582031,78.2864990234375,67.44676971435547,30.249679565429688,121.90953063964844,89.0103530883789
2022-02-28,100.57926940917969,459.13299560546875,73.91268157958984,410.8334655761719,108.0303955078125,208.1825714111328,30.162303924560547,35.644691467285156,93.27352142333984,74.46813201904297,66.4968032836914,29.673084259033203,120.7297592163086,85.3912124633789
2022-03-31,100.8966293334961,464.9643249511719,72.87657165527344,426.2768859863281,106.00423431396484,214.96920776367188,32.97903823852539,35.598365783691406,96.47872924804688,76.95909881591797,67.68135833740234,32.74283981323242,127.65743255615234,89.17121124267578
2022-04-30,92.98428344726562,432.1432189941406,72.5144271850586,388.86297607421875,103.69011688232422,195.33901977539062,32.4224853515625,32.0589599609375,89.1336898803711,68.48018646240234,69.24207305908203,31.335681915283203,121.41383361816406,78.50922393798828
2022-05-31,94.72386169433594,435.3666076660156,72.94679260253906,389.7406921386719,102.66127014160156,194.84803771972656,37.62129592895508,32.95077896118164,88.7214584350586,68.0104751586914,66.41495513916016,32.68567657470703,123.22171783447266,74.4892807006836
2022-06-30,86.68460083007812,393.3734130859375,72.51317596435547,357.6025085449219,99.46285247802734,178.80953979492188,31.19803237915039,29.37203598022461,82.18535614013672,61.71562194824219,64.85603332519531,31.085559844970703,120.00800323486328,66.41949462890625
2022-07-31,95.29584503173828,436.3172912597656,72.8104248046875,390.53326416015625,103.74954986572266,195.52255249023438,34.21269989013672,31.482707977294922,89.99551391601562,70.01753234863281,66.93164825439453,32.7787971496582,123.90096282958984,78.66661834716797
2022-08-31,91.17782592773438,422.4847106933594,72.22062683105469,374.5987243652344,100.94392395019531,188.23255920410156,35.120155334472656,30.866321563720703,87.4454345703125,65.66753387451172,65.691650390625,32.95167541503906,116.75141143798828,75.1301498413086
2022-09-30,82.20901489257812,383.70831298828125,71.35951232910156,339.9685974121094,94.14801025390625,170.85775756835938,31.76311492919922,28.503210067749023,78.32408905029297,57.80900573730469,60.34907913208008,29.234394073486328,113.78746795654297,68.9646987915039
2022-10-31,92.32604217529297,423.936279296875,71.26976776123047,367.59979248046875,95.48530578613281,184.71908569335938,39.692874908447266,31.901813507080078,89.20661926269531,62.23301696777344,65.78437042236328,29.801143646240234,124.72367858886719,69.72962188720703
2022-11-30,96.0220718383789,449.4525146484375,71.76422119140625,388.0351867675781,97.23543548583984,194.2677459716797,40.20005798339844,34.089317321777344,96.17485809326172,66.17033386230469,69.80884552001953,31.876239776611328,130.61460876464844,70.76567840576172
2022-12-31,89.60867309570312,424.58544921875,71.84870147705078,365.6734313964844,95.95453643798828,182.89288330078125,38.97438049316406,32.309688568115234,93.29939270019531,60.737571716308594,67.90476989746094,31.718650817871094,128.16204833984375,62.70195007324219
2023-01-31,98.13020324707031,463.8614196777344,72.40633392333984,388.66961669921875,97.94680786132812,195.55828857421875,40.07048797607422,34.539249420166016,96.75739288330078,66.3603286743164,67.1669692993164,31.084266662597656,125.81295776367188,72.18783569335938
2023-02-28,96.9466552734375,455.2314453125,71.82282257080078,378.8974609375,96.62161254882812,190.86138916015625,37.29011917114258,33.74568176269531,95.92140197753906,66.6336669921875,65.6093978881836,29.244138717651367,119.97322845458984,70.65377044677734
2023-03-31,91.8829116821289,440.7463684082031,73.00643157958984,392.9461364746094,99.38917541503906,196.02822875976562,37.29209518432617,30.52375030517578,96.5152587890625,73.86874389648438,68.37765502929688,30.678861618041992,122.6100082397461,72.81713104248047
2023-04-30,89.31741333007812,437.2274169921875,73.18453979492188,399.22344970703125,99.44062805175781,198.14122009277344,38.32761001586914,31.492149353027344,95.3896713256836,73.78070831298828,70.87626647949219,31.263530731201172,126.46468353271484,71.99908447265625
2023-05-31,87.82561492919922,423.19000244140625,72.90870666503906,401.0663146972656,98.25127410888672,198.98638916015625,34.482696533203125,30.153474807739258,92.3848876953125,80.3599624633789,66.51054382324219,29.42796516418457,121.06626892089844,73.82511138916016
2023-06-30,95.027099609375,461.9302673339844,72.5481185913086,427.0553283691406,97.91735076904297,212.37559509277344,36.866615295410156,32.148441314697266,102.78156280517578,85.22428894042969,68.36499786376953,29.897666931152344,126.22447204589844,82.85374450683594
2023-07-31,100.28150939941406,480.66168212890625,72.768798828125,441.0342712402344,97.95756530761719,220.15602111816406,39.732547760009766,33.69340133666992,105.75045776367188,87.42526245117188,69.82133483886719,30.64237403869629,127.5748519897461,84.77128601074219
2023-08-31,96.10469055175781,466.425048828125,73.06739807128906,433.8665466308594,97.16153717041016,215.90428161621094,40.38658905029297,32.78740692138672,103.65308380126953,86.10665893554688,67.06536865234375,28.764625549316406,126.68092346191406,83.29287719726562
2023-09-30,90.39189147949219,441.8963928222656,73.00969696044922,413.2863464355469,95.29911041259766,205.53854370117188,41.35719299316406,31.774858474731445,97.48828887939453,80.52835083007812,63.85434341430664,27.141603469848633,122.93220520019531,78.68512725830078
2023-10-31,85.1789779663086,418.55511474609375,73.25285339355469,404.3144226074219,94.60979461669922,200.100341796875,38.97797775268555,30.99892807006836,94.58421325683594,80.56765747070312,62.97275924682617,27.49163818359375,118.92167663574219,74.34468841552734
2023-11-30,92.22213745117188,453.69281005859375,74.02348327636719,441.2460632324219,97.23693084716797,218.9404754638672,38.698875427246094,34.39004135131836,102.94061279296875,90.95731353759766,65.57110595703125,28.905601501464844,125.38623809814453,82.49766540527344
2023-12-31,104.00285339355469,492.83526611328125,74.8402328491211,461.391357421875,99.60543823242188,230.53091430664062,38.72874450683594,36.19685745239258,110.21392822265625,94.76175689697266,67.34917449951172,29.442907333374023,130.8106231689453,87.55656433105469
2024-01-31,99.91960906982422,484.26806640625,75.07743072509766,468.7396545410156,99.93902587890625,233.106201171875,38.53011703491211,37.313568115234375,109.15037536621094,97.32183074951172,68.18132019042969,28.56886863708496,134.6472625732422,83.693115234375
2024-02-29,103.1381607055664,512.8640747070312,74.78650665283203,493.20172119140625,98.89192199707031,245.45779418945312,39.79119873046875,38.83460998535156,116.99172973632812,101.9004135131836,69.61189270019531,28.87105941772461,138.9059600830078,90.29866790771484
2024-03-31,106.50460815429688,541.4749755859375,75.04341888427734,509.3303527832031,99.53132629394531,253.45899963378906,43.96385955810547,40.70083999633789,122.16380310058594,102.70482635498047,71.92341613769531,30.773664474487305,142.20877075195312,90.24018096923828
2024-04-30,100.59732818603516,508.7371826171875,74.71197509765625,488.79437255859375,97.84841918945312,242.44882202148438,43.54941177368164,39.00014877319336,117.85760498046875,96.78722381591797,71.11339569091797,31.28459930419922,135.08534240722656,86.18184661865234
2024-05-31,105.6662368774414,531.5289306640625,75.24958038330078,513.5173950195312,99.58724212646484,253.985595703125,43.400390625,40.23701095581055,119.78765106201172,103.63685607910156,72.84648132324219,34.08774948120117,138.32936096191406,86.35360717773438
2024-06-30,103.15892791748047,522.6767578125,75.65912628173828,531.6343383789062,100.3456039428711,261.8056640625,42.78663635253906,39.88216781616211,118.60311889648438,111.75720977783203,72.67520141601562,32.19839096069336,140.8525390625,89.7015609741211
2024-07-31,114.45553588867188,552.9679565429688,76.55164337158203,538.072021484375,102.07901000976562,266.75775146484375,43.75362014770508,42.433616638183594,124.43254089355469,108.0867919921875,73.88046264648438,34.39567565917969,144.60215759277344,92.2047348022461
2024-08-31,112.6759262084961,552.1962890625,77.23443603515625,550.644287109375,102.89463806152344,272.44384765625,42.847660064697266,44.373878479003906,127.93605041503906,108.84262084960938,78.30284881591797,36.049537658691406,151.91775512695312,92.02277374267578
2024-09-30,113.6210708618164,558.0647583007812,77.83161926269531,562.21044921875,104.43559265136719,277.9768371582031,41.55447769165039,44.125877380371094,132.2373046875,111.725341796875,79.18643951416016,38.42987060546875,149.3997802734375,98.74224853515625
2024-10-31,110.6678695678711,554.0874633789062,77.34609985351562,557.1935424804688,102.50679779052734,275.88580322265625,41.928367614746094,45.25531768798828,130.66539001464844,109.98336029052734,76.43875885009766,38.015987396240234,142.46424865722656,97.02729797363281
2024-11-30,122.91788482666016,603.3245239257812,77.57508087158203,590.4208984375,103.017333984375,294.37115478515625,45.21296691894531,49.98725891113281,140.58514404296875,115.66959381103516,79.39633178710938,39.452701568603516,142.98806762695312,109.5493392944336
2024-12-31,112.97369384765625,560.0375366210938,77.7694091796875,576.21533203125,101.25120544433594,285.4208679199219,40.88175964355469,47.25725173950195,129.29164123535156,115.25933074951172,75.56722259521484,36.30670166015625,134.04745483398438,110.76910400390625
2025-01-31,116.13092041015625,580.7840576171875,78.0634536743164,591.6903076171875,102.63858795166016,294.0777587890625,41.826725006103516,50.32754898071289,135.75819396972656,114.41168212890625,75.92289733886719,37.3571891784668,143.10928344726562,114.6301040649414
2025-02-28,109.6105728149414,556.32080078125,78.63740539550781,584.178955078125,104.85271453857422,288.523193359375,43.4303092956543,51.021793365478516,133.77603149414062,111.79440307617188,79.86418914794922,37.99995803833008,145.1165313720703,106.6266860961914
2025-03-31,102.84435272216797,525.8109130859375,78.98396301269531,551.62890625,105.5654296875,271.62921142578125,44.947425842285156,48.88130569458008,129.00967407226562,102.53109741210938,78.92462921142578,38.09092712402344,142.82176208496094,97.76097106933594
2025-04-30,98.47763061523438,513.3132934570312,79.62578582763672,546.84619140625,105.69835662841797,269.6328430175781,38.7187614440918,47.85087585449219,129.15731811523438,104.26411437988281,79.07925415039062,38.11507797241211,137.4027099609375,97.66194152832031
2025-05-31,103.63115692138672,540.8318481445312,79.42303466796875,581.2127075195312,105.03044891357422,286.4934997558594,39.21416091918945,50.009864807128906,140.574951171875,114.66221618652344,80.0456314086914,39.57398223876953,129.7436981201172,105.85077667236328
2025-06-30,107.88023376464844,560.1591186523438,79.88775634765625,611.0791015625,106.01603698730469,301.2862548828125,41.12361145019531,51.5697021484375,145.64300537109375,125.95398712158203,78.78492736816406,39.72228240966797,132.47616577148438,107.82722473144531
2025-07-31,108.85746765136719,569.197265625,79.8142318725586,625.1531372070312,106.02569580078125,308.18572998046875,42.28734588623047,51.5697021484375,150.07586669921875,130.6841583251953,77.62704467773438,41.672882080078125,128.1909942626953,109.86141967773438
2025-08-31,116.51737213134766,588.5191040039062,80.52262115478516,637.98095703125,107.73519134521484,315.4321594238281,43.82929611206055,53.164947509765625,150.07586669921875,130.53994750976562,78.60006713867188,41.01619338989258,135.0708465576172,114.97669219970703
2025-09-30,117.7380599975586,590.9593505859375,80.75428771972656,660.7061157226562,108.18948364257812,326.2197570800781,43.68983840942383,53.22140884399414,152.89669799804688,140.37442016601562,76.77836608886719,42.707550048828125,137.40650939941406,119.1059341430664
2025-10-31,116.717529296875,587.9352416992188,81.02378845214844,676.4556274414062,108.53834533691406,333.4266662597656,43.098114013671875,51.739463806152344,153.7195281982422,149.74732971191406,74.7308120727539,43.63309860229492,142.42213439941406,119.25006866455078
2025-11-30,119.75931549072266,600.3289184570312,81.37935638427734,677.7747192382812,108.77397155761719,334.3113708496094,44.23265838623047,52.68791198730469,152.3613739013672,142.54583740234375,77.758056640625,44.382354736328125,155.65232849121094,117.5254135131836
2025-12-31,119.62873840332031,600.3037719726562,81.61920166015625,678.3152465820312,108.10059356689453,334.222900390625,44.101722717285156,54.29969024658203,154.3057098388672,143.61996459960938,76.71292114257812,42.1246223449707,153.4893035888672,118.9336166381836
2026-01-31,126.44731903076172,624.4739379882812,81.7867431640625,688.3120727539062,108.66120910644531,339.50634765625,50.355464935302734,52.981109619140625,164.57154846191406,143.5301971435547,82.47035217285156,42.677207946777344,153.42982482910156,120.68659210205078
2026-02-28,129.10507202148438,649.599365234375,82.22167205810547,682.3637084960938,110.03815460205078,337.7119445800781,55.159210205078125,50.988372802734375,176.21011352539062,138.42263793945312,88.8894271850586,47.09787368774414,158.8435821533203,116.39378356933594
2026-03-31,123.93534851074219,615.2294921875,81.83810424804688,648.6688842773438,108.54318237304688,320.80999755859375,60.82136917114258,49.197662353515625,161.33306884765625,132.74171447753906,81.41510009765625,45.59882736206055,145.96624755859375,108.76327514648438
2026-04-30,136.6868133544922,662.5218505859375,81.99418640136719,716.8132934570312,109.72342681884766,354.17999267578125,59.222900390625,51.948028564453125,174.1515350341797,159.31004333496094,83.72903442382812,46.552738189697266,145.34898376464844,118.11463165283203
2026-05-31,138.24209594726562,678.9210205078125,82.05699920654297,754.5361328125,109.93199920654297,372.5400085449219,55.886959075927734,51.39994812011719,172.70509338378906,190.79251098632812,82.33869171142578,44.138153076171875,148.81369018554688,120.62963104248047
2026-06-30,142.99000549316406,689.0,81.9800033569336,737.8699951171875,108.99500274658203,365.75,54.084999084472656,53.900001525878906,179.14999389648438,186.02000427246094,83.59500122070312,45.099998474121094,151.72000122070312,114.50499725341797
